pforgdiv-e0rcz,P74N34X,pforgdiv-e0rcz-su@mailtest.gov.uk,pforgdiv-e0rcz-user0@mailinator.com
pforgdiv-e0rcz,P74N34X,pforgdiv-e0rcz-su@mailtest.gov.uk,pforgdiv-e0rcz-user1@mailinator.com
pforgdiv-e0rcz,P74N34X,pforgdiv-e0rcz-su@mailtest.gov.uk,pforgdiv-e0rcz-user2@mailinator.com
pforgdiv-e0rcz,P74N34X,pforgdiv-e0rcz-su@mailtest.gov.uk,pforgdiv-e0rcz-user3@mailinator.com
pforgdiv-e0rcz,P74N34X,pforgdiv-e0rcz-su@mailtest.gov.uk,pforgdiv-e0rcz-user4@mailinator.com
pforgdiv-boqir,WL4VJTD,pforgdiv-boqir-su@mailtest.gov.uk,pforgdiv-boqir-user0@mailinator.com
pforgdiv-boqir,WL4VJTD,pforgdiv-boqir-su@mailtest.gov.uk,pforgdiv-boqir-user1@mailinator.com
pforgdiv-2tvmz,WXX5PD0,pforgdiv-2tvmz-su@mailtest.gov.uk,pforgdiv-2tvmz-user0@mailinator.com
pforgdiv-hli2h,ZWYYPLV,pforgdiv-hli2h-su@mailtest.gov.uk,pforgdiv-hli2h-user0@mailinator.com
pforgdiv-2tvmz,WXX5PD0,pforgdiv-2tvmz-su@mailtest.gov.uk,pforgdiv-2tvmz-user1@mailinator.com
pforgdiv-hli2h,ZWYYPLV,pforgdiv-hli2h-su@mailtest.gov.uk,pforgdiv-hli2h-user1@mailinator.com
pforgdiv-2tvmz,WXX5PD0,pforgdiv-2tvmz-su@mailtest.gov.uk,pforgdiv-2tvmz-user2@mailinator.com
pforgdiv-hli2h,ZWYYPLV,pforgdiv-hli2h-su@mailtest.gov.uk,pforgdiv-hli2h-user2@mailinator.com
pforgdiv-2tvmz,WXX5PD0,pforgdiv-2tvmz-su@mailtest.gov.uk,pforgdiv-2tvmz-user3@mailinator.com
pforgdiv-hli2h,ZWYYPLV,pforgdiv-hli2h-su@mailtest.gov.uk,pforgdiv-hli2h-user3@mailinator.com
pforgdiv-2tvmz,WXX5PD0,pforgdiv-2tvmz-su@mailtest.gov.uk,pforgdiv-2tvmz-user4@mailinator.com
pforgdiv-hli2h,ZWYYPLV,pforgdiv-hli2h-su@mailtest.gov.uk,pforgdiv-hli2h-user4@mailinator.com
